<?xml version="1.0" encoding="UTF-8"?>
<beans:beans xmlns="http://www.springframework.org/schema/mvc"
	xmlns:xsi="http://www.w3.org/2001/XMLSchema-instance"
	xmlns:beans="http://www.springframework.org/schema/beans"
	xmlns:context="http://www.springframework.org/schema/context"
	xsi:schemaLocation="http://www.springframework.org/schema/mvc https://www.springframework.org/schema/mvc/spring-mvc.xsd
		http://www.springframework.org/schema/beans https://www.springframework.org/schema/beans/spring-beans.xsd
		http://www.springframework.org/schema/context https://www.springframework.org/schema/context/spring-context.xsd">

	<!-- DispatcherServlet Context: defines this servlet's request-processing infrastructure -->
	
	<!-- Enables the Spring MVC @Controller programming model -->
	<annotation-driven />

	<!-- Handles HTTP GET requests for /resources/** by efficiently serving up static resources in the ${webappRoot}/resources directory -->
	<resources mapping="/resources/**" location="/resources/" />

	<!-- Resolves views selected for rendering by @Controllers to .jsp resources in the /WEB-INF/views directory -->
	<beans:bean class="org.springframework.web.servlet.view.InternalResourceViewResolver">
		<beans:property name="prefix" value="/WEB-INF/views/" />
		<beans:property name="suffix" value=".jsp" />
	</beans:bean>
	
	<context:component-scan base-package="com.springlec.whyn" />
	
		<!--오픈소스 방식이다(Data Base). 클래스에 필드값 줘야 함. -태현 -->
	<beans:bean name="dataSource" class="org.springframework.jdbc.datasource.DriverManagerDataSource">
	 	<beans:property name="driverClassName" value="com.mysql.cj.jdbc.Driver"/>
	 	<beans:property name="url" value="jdbc:mysql://localhost:3306/procject?serverTimezone=Asia/Seoul&amp;characterEncoding=utf8&amp;useSSL=FALSE"/>
	 	<beans:property name="username" value="root"/>
	 	<beans:property name="password" value="qwer1234"/>
	</beans:bean>
	
	<!-- 더 추가할 부분 Mybatis -->
		<beans:bean id="sqlSessionFactory" class="org.mybatis.spring.SqlSessionFactoryBean">
		<beans:property name="dataSource" ref="dataSource" />
		<beans:property name="mapperLocations" value="classpath:com/springlec/whyn/dao/mapper/*.xml"/>
	</beans:bean>
	<!-- 여기서 위의 두부분을 다불러오는 것이다. -->
	<beans:bean name="sqlSession" class="org.mybatis.spring.SqlSessionTemplate">
	<beans:constructor-arg index="0" ref="sqlSessionFactory" ></beans:constructor-arg>
	</beans:bean>
	<!--  -->
	
</beans:beans>
